,Pdb,delta_delta_G,mutation,feature,feature_num,folder_name
0,rbd_domain_Repair_1_2.pdb,1.70998,['PE337Q'],destabilizing,0,04
1,rbd_domain_Repair_1_1.pdb,1.06875,['LE335E'],destabilizing,0,02
2,rbd_domain_Repair_1_2.pdb,0.196307,['TE333V'],neutral,1,00
3,rbd_domain_Repair_1_2.pdb,0.262238,['NE334I'],neutral,1,01
4,rbd_domain_Repair_1_0.pdb,11.1889,['CE336E'],destabilizing,0,03
5,rbd_domain_Repair_2_1.pdb,-0.214849,['NE334L'],neutral,1,01
6,rbd_domain_Repair_2_1.pdb,1.02896,['PE337D'],destabilizing,0,04
7,rbd_domain_Repair_2_0.pdb,0.882963,['LE335Q'],destabilizing,0,02
8,rbd_domain_Repair_2_1.pdb,0.447755,['TE333I'],neutral,1,00
9,rbd_domain_Repair_2_0.pdb,9.87777,['CE336Q'],destabilizing,0,03
10,rbd_domain_Repair_3_2.pdb,-0.255995,['NE334E'],neutral,1,01
11,rbd_domain_Repair_3_2.pdb,0.960383,['PE337N'],destabilizing,0,04
12,rbd_domain_Repair_3_2.pdb,1.19855,['LE335D'],destabilizing,0,02
13,rbd_domain_Repair_3_0.pdb,8.53853,['CE336D'],destabilizing,0,03
14,rbd_domain_Repair_3_2.pdb,-0.12331,['TE333L'],neutral,1,00
15,rbd_domain_Repair_4_1.pdb,9.0192,['CE336N'],destabilizing,0,03
16,rbd_domain_Repair_4_2.pdb,0.0691991,['TE333E'],neutral,1,00
17,rbd_domain_Repair_4_2.pdb,-0.625962,['NE334Q'],stabilizing,1,01
18,rbd_domain_Repair_4_2.pdb,0.98175,['LE335N'],destabilizing,0,02
19,rbd_domain_Repair_4_2.pdb,1.82947,['PE337H'],destabilizing,0,04
20,rbd_domain_Repair_5_0.pdb,-0.142133,['TE333Q'],neutral,1,00
21,rbd_domain_Repair_5_2.pdb,-0.285476,['NE334D'],neutral,1,01
22,rbd_domain_Repair_5_0.pdb,1.04575,['LE335H'],destabilizing,0,02
23,rbd_domain_Repair_5_1.pdb,23.3148,['CE336H'],destabilizing,0,03
24,rbd_domain_Repair_5_2.pdb,1.54282,['PE337W'],destabilizing,0,04
25,rbd_domain_Repair_6_0.pdb,0.0626414,['TE333D'],neutral,1,00
26,rbd_domain_Repair_6_0.pdb,43.5712,['CE336W'],destabilizing,0,03
27,rbd_domain_Repair_6_2.pdb,1.51111,['PE337F'],destabilizing,0,04
28,rbd_domain_Repair_6_1.pdb,0.288388,['LE335W'],neutral,1,02
29,rbd_domain_Repair_6_0.pdb,0.497943,['NE334H'],destabilizing,0,01
30,rbd_domain_Repair_7_2.pdb,0.347646,['NE334W'],neutral,1,01
31,rbd_domain_Repair_7_1.pdb,-0.00298585,['TE333N'],neutral,1,00
32,rbd_domain_Repair_7_1.pdb,20.0718,['CE336F'],destabilizing,0,03
33,rbd_domain_Repair_7_2.pdb,1.36656,['PE337Y'],destabilizing,0,04
34,rbd_domain_Repair_7_2.pdb,0.39932,['LE335F'],neutral,1,02
35,rbd_domain_Repair_8_2.pdb,-0.242061,['NE334F'],neutral,1,01
36,rbd_domain_Repair_8_0.pdb,0.706131,['LE335Y'],destabilizing,0,02
37,rbd_domain_Repair_8_2.pdb,-0.272389,['TE333H'],neutral,1,00
38,rbd_domain_Repair_8_1.pdb,1.68266,['PE337R'],destabilizing,0,04
39,rbd_domain_Repair_8_2.pdb,22.3642,['CE336Y'],destabilizing,0,03
40,rbd_domain_Repair_9_0.pdb,-0.181092,['NE334Y'],neutral,1,01
41,rbd_domain_Repair_9_2.pdb,14.5332,['CE336R'],destabilizing,0,03
42,rbd_domain_Repair_9_0.pdb,1.36324,['PE337K'],destabilizing,0,04
43,rbd_domain_Repair_9_2.pdb,-0.665814,['TE333W'],stabilizing,1,00
44,rbd_domain_Repair_9_2.pdb,-0.0589024,['LE335R'],neutral,1,02
45,rbd_domain_Repair_10_2.pdb,12.584,['CE336K'],destabilizing,0,03
46,rbd_domain_Repair_10_2.pdb,-0.187987,['NE334R'],neutral,1,01
47,rbd_domain_Repair_10_0.pdb,1.45617,['PE337S'],destabilizing,0,04
48,rbd_domain_Repair_10_1.pdb,-0.549228,['TE333F'],stabilizing,1,00
49,rbd_domain_Repair_10_2.pdb,0.673494,['LE335K'],destabilizing,0,02
50,rbd_domain_Repair_11_1.pdb,2.50763,['PE337T'],destabilizing,0,04
51,rbd_domain_Repair_11_0.pdb,-0.569504,['TE333Y'],stabilizing,1,00
52,rbd_domain_Repair_11_0.pdb,4.12055,['CE336S'],destabilizing,0,03
53,rbd_domain_Repair_11_1.pdb,-0.159302,['NE334K'],neutral,1,01
54,rbd_domain_Repair_11_1.pdb,1.30077,['LE335S'],destabilizing,0,02
55,rbd_domain_Repair_12_2.pdb,-0.630059,['TE333R'],stabilizing,1,00
56,rbd_domain_Repair_12_1.pdb,-0.141403,['NE334S'],neutral,1,01
57,rbd_domain_Repair_12_0.pdb,6.38287,['CE336T'],destabilizing,0,03
58,rbd_domain_Repair_12_2.pdb,1.31912,['LE335T'],destabilizing,0,02
59,rbd_domain_Repair_12_2.pdb,1.30463,['PE337M'],destabilizing,0,04
60,rbd_domain_Repair_13_2.pdb,5.48464,['CE336M'],destabilizing,0,03
61,rbd_domain_Repair_13_1.pdb,-0.578407,['TE333K'],stabilizing,1,00
62,rbd_domain_Repair_13_2.pdb,0.0540147,['NE334T'],neutral,1,01
63,rbd_domain_Repair_13_1.pdb,1.05596,['PE337A'],destabilizing,0,04
64,rbd_domain_Repair_13_2.pdb,0.141333,['LE335M'],neutral,1,02
65,rbd_domain_Repair_14_2.pdb,1.05455,['LE335A'],destabilizing,0,02
66,rbd_domain_Repair_14_1.pdb,0.0121698,['TE333S'],neutral,1,00
67,rbd_domain_Repair_14_1.pdb,3.79948,['CE336A'],destabilizing,0,03
68,rbd_domain_Repair_14_1.pdb,0.0767838,['NE334M'],neutral,1,01
69,rbd_domain_Repair_14_2.pdb,1.28335,['PE337G'],destabilizing,0,04
70,rbd_domain_Repair_15_0.pdb,5.38758,['CE336G'],destabilizing,0,03
71,rbd_domain_Repair_15_0.pdb,-0.617873,['TE333M'],stabilizing,1,00
72,rbd_domain_Repair_15_1.pdb,-0.155779,['NE334A'],neutral,1,01
73,rbd_domain_Repair_15_2.pdb,1.32016,['LE335G'],destabilizing,0,02
74,rbd_domain_Repair_15_1.pdb,1.1726,['PE337C'],destabilizing,0,04
75,rbd_domain_Repair_16_1.pdb,0.275602,['LE335P'],neutral,1,02
76,rbd_domain_Repair_16_0.pdb,6.56,['CE336P'],destabilizing,0,03
77,rbd_domain_Repair_16_1.pdb,0.0602677,['TE333A'],neutral,1,00
78,rbd_domain_Repair_16_0.pdb,-0.0344075,['NE334G'],neutral,1,01
79,rbd_domain_Repair_16_2.pdb,3.78532,['FE338V'],destabilizing,0,04
80,rbd_domain_Repair_17_1.pdb,3.16352,['FE338I'],destabilizing,0,04
81,rbd_domain_Repair_17_1.pdb,0.842775,['NE334P'],destabilizing,0,01
82,rbd_domain_Repair_17_2.pdb,-0.0471897,['TE333G'],neutral,1,00
83,rbd_domain_Repair_17_2.pdb,1.24832,['LE335C'],destabilizing,0,02
84,rbd_domain_Repair_17_1.pdb,2.1878,['PE337V'],destabilizing,0,03
85,rbd_domain_Repair_18_1.pdb,1.65731,['FE338L'],destabilizing,0,04
86,rbd_domain_Repair_18_1.pdb,2.08344,['PE337I'],destabilizing,0,03
87,rbd_domain_Repair_18_1.pdb,4.71515,['CE336V'],destabilizing,0,02
88,rbd_domain_Repair_18_0.pdb,0.138375,['TE333P'],neutral,1,00
89,rbd_domain_Repair_18_0.pdb,-0.135194,['NE334C'],neutral,1,01
90,rbd_domain_Repair_19_2.pdb,4.78493,['CE336I'],destabilizing,0,02
91,rbd_domain_Repair_19_1.pdb,4.37899,['FE338E'],destabilizing,0,04
92,rbd_domain_Repair_19_0.pdb,1.31939,['LE335V'],destabilizing,0,01
93,rbd_domain_Repair_19_0.pdb,-0.0424644,['TE333C'],neutral,1,00
94,rbd_domain_Repair_19_0.pdb,1.4798,['PE337L'],destabilizing,0,03
95,rbd_domain_Repair_20_1.pdb,4.16642,['CE336L'],destabilizing,0,02
96,rbd_domain_Repair_20_1.pdb,0.262401,['NE334V'],neutral,1,00
97,rbd_domain_Repair_20_2.pdb,0.728384,['LE335I'],destabilizing,0,01
98,rbd_domain_Repair_20_2.pdb,4.40972,['FE338Q'],destabilizing,0,04
99,rbd_domain_Repair_20_0.pdb,1.76503,['PE337E'],destabilizing,0,03
